Country,Team,TeamID,Location,Stadium_Name,Stadium_Capacity,Post_Code,Latitude,Longitude,League,LeagueID,National_Cup_ID,League_Cup_Name,League_Cup_ID,crestImage
Albania,Bylis Ballsh,137802,Ballsh,Adush Muça Stadium,5500,9300,40.5992,19.7339,Albanian Superliga,4617,,,,Bylis Ballsh.svg
Albania,Flamurtari Vlore,134104,Vlorë,Stadiumi Flamurtari,8500,9401,40.455981,19.488843,Albanian Superliga,4617,,,,flamurtari-vlorë.png
Albania,Kastrioti Kruje,140091,Krujë,Stadiumi Redi Maloku,10000,1501,41.476608,19.724543,Albanian Superliga,4617,,,,Kastrioti Kruje.svg
Albania,Laci,134349,Laç,Stadiumi Laci,2300,4501,41.6353,19.7131,Albanian Superliga,4617,,,,Laci.svg
Albania,Apollonia Fier,134571,Fier,Loni Papuçiu Stadium,3000,9200,40.720867,19.552026,Albanian Superliga,4617,,,,Not_Found.png
Albania,Partizani Tirana,137799,Tirana,Arena e Demave,5000,1001,41.3183,19.8242,Albanian Superliga,4617,,,,partizani-tirana.png
Albania,Skenderbeu Korce,133977,Korçë,Stadiumi Skenderbeu,12343,7001,40.62615,20.782803,Albanian Superliga,4617,,,,Skenderbeu Korce.svg
Albania,Teuta Durres,134055,Durrës,Stadiumi Niko Dovana,13000,2001,41.326138,19.449737,Albanian Superliga,4617,,,,teuta-durrës.png
Albania,KF Tirana,134562,Tirana,Selman Stermasi Stadium,9500,1001,41.318949,19.811249,Albanian Superliga,4617,,,,tirana.png
Albania,Vllaznia Shkoder,137800,Shkodër,Stadiumi Loro Borici,16022,4001,42.069995,19.506577,Albanian Superliga,4617,,,,vllaznia-shkodër.png
Armenia,FC Alashkert,134614,Yerevan,Alashkert Stadium,6850,10,40.1656,44.4894,Armenian Premier League,4619,4460,,,alashkert.png
Armenia,FC Ararat-Armenia,134613,Yerevan,Vazgen Sargsyan Republican Stadium,14403,10,40.172015,44.525545,Armenian Premier League,4619,4460,,   ,ararat-armenia.png
Armenia,FC BKMA Yerevan,134620,Yerevan,BKMA Stadium,2000,10,40.1419,44.4736,Armenian Premier League,4619,4460,,,Not_Found.png
Armenia,FC Ararat Yerevan,134621,Yerevan,Vazgen Sargsyan Republican Stadium,14403,10,40.172015,44.525545,Armenian Premier League,4619,4460,,,ararat-yerevan.png
Armenia,FC Pyunik,134615,Yerevan,Vazgen Sargsyan Republican Stadium,14403,10,40.172015,44.525545,Armenian Premier League,4619,4460,,,FC Pyunik.svg
Armenia,FC Shirak,134618,Gyumri,Gyumri City Stadium,2844,3126,40.7894,43.8475,Armenian Premier League,4619,4460,,,Not_Found.png
Armenia,FC Lernayin Artsakh,134622,Vayk,Vayk Stadium,1500,3601,39.6917,45.4653,Armenian Premier League,4619,4460,,,Not_Found.png
Armenia,FC Sevan,134623,Sevan,Sevan Stadium,1500,1501,40.5603,44.9572,Armenian Premier League,4619,4460,,,Not_Found.png
Armenia,FC Noah,134616,Abovyan,Abovyan City Stadium,4860,2204,40.2684,44.6352,Armenian Premier League,4619,4460,,,noah.png
Armenia,FC Urartu,134617,Yerevan,Urartu Stadium,4860,10,40.171345,44.450418,Armenian Premier League,4619,4460,,,urartu.png
Armenia,FC Van,134619,Charentsavan,Charentsavan City Stadium,3500,2301,40.4086,44.6456,Armenian Premier League,4619,4460,,,van.png
Austria,Austria Wien,133636,Vienna,Generali Arena,17500,1100,48.162408,16.388339,Austrian Bundesliga,4621,4436,,,Austria Wien.svg
Austria,FC Admira Wacker Modling,134255,Mödling,BSFZ-Arena,10600,2340,48.097512,16.311387,Austrian Erste Liga,4796,4436,,,FC Admira Wacker Modling.svg
Austria,LASK,137261,Linz,Raiffeisen Arena Linz,6009,4020,48.293593,14.276558,Austrian Bundesliga,4621,4436,,,LASK.png
Austria,Red Bull Salzburg,133970,Salzburg,Red Bull Arena Salzburg,31895,5071,47.816396,12.998244,Austrian Bundesliga,4621,4436,,,Red_Bull_Salzburg.svg
Austria,SK Rapid Wien,133635,Vienna,Allianz Stadion,28345,1140,48.19801,16.265156,Austrian Bundesliga,4621,4436,,,SK Rapid Wien.png
Austria,SK Austria Lustenau,134254,Lustenau,Reichshofstadion,8800,6890,47.4264,9.6597,Austrian Bundesliga,4621,4436,,,Not_Found.png
Austria,Sturm Graz,137743,Graz,Merkur Arena Graz,16364,8010,47.046367,15.454008,Austrian Bundesliga,4621,4436,,,Sturm Graz.svg
Austria,SV Ried,133993,Ried im Innkreis,Innviertel Arena,7680,4910,48.2108,13.4897,Austrian Bundesliga,4621,4436,,,Not_Found.png
Austria,SV Austria Klagenfurt,134253,Klagenfurt,Worthersee Stadion,30000,9020,46.608793,14.277436,Austrian Bundesliga,4621,4436,,,SV Austria Klagenfurt.svg
Austria,TSV Hartberg,137805,Hartberg,Profertil Arena Hartberg,4500,8230,47.281065,15.977851,Austrian Bundesliga,4621,4436,,,TSV Hartberg.png
Austria,Wolfsberger AC,137252,Wolfsberg,Lavanttal-Arena,7300,9400,46.826159,14.851089,Austrian Bundesliga,4621,4436,,,Wolfsberger AC.svg
Azerbaijan,Qarabag,135702,Baku,Azersun Arena,5800,1110,40.4272,49.9197,Premier League,4693,,,,Qarabag.jpg
Belgium, Anderlecht,133776,Brussels,Lotto Park,22500,1070,50.83402,4.297855,Belgian Pro League,4338,4437,,,Anderlecht.jpg
Belgium, Cercle Brugge,133782,Bruges,Jan Breydel Stadium,29472,8000,51.193346,3.180585,Belgian Pro League,4338,4437,,,Cercle Brugge.png
Belgium, Club Brugge,133789,Bruges,Jan Breydel Stadium,29062,8000,51.193346,3.180585,Belgian Pro League,4338,4437,,,Club Brugge.svg
Belgium, Eupen,133825,Eupen,Kehrwegstadion,8363,4700,50.6275,6.0364,Belgian Pro League,4338,4437,,,eupen.png
Belgium, Gent,133781,Ghent,Planet Group Arena,20000,9000,51.016075,3.732526,Belgian Pro League,4338,4437,,,jong-gent.png
Belgium, Kortrijk,133783,Kortrijk,Guldensporenstadion,9399,8500,50.830263,3.249082,Belgian Pro League,4338,4437,,,kortrijk.png
Belgium, Mechelen,133787,Mechelen,AFAS Stadion Mechelen,16672,2800,51.037095,4.486387,Belgian Pro League,4338,4437,,,Mechelen.jpg
Belgium, Oostende,134292,Ostend,Diaz Arena,8125,8400,51.2211,2.9272,Belgian Pro League,4338,4437,,,Not_Found.png
Belgium, Charleroi,133826,Charleroi,Stade du Pays de Charleroi,14000,6000,50.414606,4.453733,Belgian Pro League,4338,4437,,,olympic-charleroi.png
Belgium, Sint-Truiden,135461,Sint-Truiden,Daio Wasabi Stayen Stadium,14600,3800,50.813497,5.166136,Belgian Pro League,4338,4437,,,Sint-Truiden.jpg
Belgium, Standard Liege,133778,Liège,Stade Maurice Dufrasne,28272,4000,50.609873,5.543512,Belgian Pro League,4338,4437,,,Standard Liege.svg
Belgium,Union Saint-Gilloise,138141,Brussels,Joseph Marien Stadium,8000,1190,50.817929,4.329508,Belgian Pro League,4338,4437,,,Union Saint-Gilloise.png
Belgium, Zulte Waregem,133786,Waregem,Elindus Arena,11000,8790,50.883065,3.429058,Belgian Pro League,4338,4437,,,Zulte Waregem.svg
Bosnia and Herzegovina,Leotar Trebinje,134484,Trebinje,Police Stadium,8550,89101,42.708787,18.352715,Bosnian Premier League,4624,4450,,,Leotar Trebinje.png
Bosnia and Herzegovina,Igman Konjic,140739,Konjic,Gradski stadion Konjic,5000,88400,43.659053,17.949251,Bosnian Premier League,4624,4450,,,Not_Found.png
Bosnia and Herzegovina,Posusje,140742,Posušje,Stadion Mokri Dolac,8000,88240,43.469187,17.328216,Bosnian Premier League,4624,4450,,    ,Posusje.jpg
Bosnia and Herzegovina,Radnik Bijeljina,137940,Bijeljina,Gradski stadion Bijeljina,6000,76300,44.754245,19.224978,Bosnian Premier League,4624,4450,,          ,Radnik Bijeljina.png
Bosnia and Herzegovina,Sarajevo,134474,Sarajevo,Asim Ferhatovic Hase Stadium,34500,71000,43.873705,18.408448,Bosnian Premier League,4624,4450,,,Sarajevo.jpg
Bosnia and Herzegovina,Siroki Brijeg,134096,Široki Brijeg,Stadion Pecara,8000,88220,43.378801,17.598032,Bosnian Premier League,4624,4450,,,Siroki Brijeg.jpg
Bosnia and Herzegovina,Slavija Sarajevo,140759,Sarajevo,Gradski stadion SRC Slavija,6000,71000,43.8295,18.367118,Bosnian Premier League,4624,4450,,,Slavija Sarajevo.png
Bosnia and Herzegovina,Sloboda Tuzla,137943,Tuzla,Stadion Tusanj,7200,75000,44.541765,18.661244,Bosnian Premier League,4624,4450,,,Sloboda Tuzla.png
Bosnia and Herzegovina,Velez Mostar,137941,Mostar,Stadion Roceni,7000,88000,43.3433,17.8078,Bosnian Premier League,4624,4450,,,Velez Mostar.svg
Bosnia and Herzegovina,Zeljeznicar,134475,Sarajevo,Grbavica Stadium,13146,71000,43.846578,18.387594,Bosnian Premier League,4624,4450,,            ,Zeljeznicar.svg
Bosnia and Herzegovina,Zrinjski Mostar,134341,Mostar,Stadion pod Bijelim Brijegom,9000,88000,43.345231,17.795085,Bosnian Premier League,4624,4450,,,Zrinjski Mostar.svg
Bulgaria,Ludogorets,133981,Razgrad,Huvepharma Arena,10422,7200,43.534596,26.527604,Bulgarian First League,4626,,,,ludogorets-razgrad.png
Croatia,Dinamo Zagreb,133961,Zagreb,Stadion Maksimir,35000,10000,45.818688,16.017938,Croatian First League,4629,4445,,,Dinamo Zagreb.svg
Croatia,Gorica,134619,Velika Gorica,Nova Gorica Sports Park,3100,10,45.7128,16.0753,Croatian First League,4629,4445,,,Gorica.svg
Croatia,Hajduk Split,134019,Split,Gradski stadion Poljud,34198,21000,43.519541,16.431919,Croatian First League,4626,4445,,,Hajduk Split.svg
Croatia,Lokomotiva,134415,Zagreb,Stadion Kranjceviceva,8850,10000,45.8047,15.9608,Croatian First League,4629,4445,,,Not_Found.png
Croatia,Istra 1961,134418,Pula,Stadion Aldo Drosina,9200,52100,44.861679,13.851346,Croatian First League,4629,4445,,,Not_Found.png
Croatia,Osijek,134041,Osijek,Opus Arena,17061,31000,45.566524,18.657833,Croatian First League,4629,4445,,,Osijek.jpg
Croatia,Sibenik,140123,Šibenik,Stadion n ubicevac,3412,22000,43.735,15.8958,Croatian First League,4629,4445,,,Sibenik.jpg
Croatia,Slaven Belupo,134416,Koprivnica,Gradski Stadion Koprivnica,3134,48000,46.166742,16.835101,Croatian First League,4629,4445,,,Slaven Belupo.png
Croatia,Varazdin,134420,Varaždin,Stadion Andelko Herjavec,10800,42000,46.293434,16.344355,Croatian First League,4629,4445,,,Varazdin.jpg
Croatia ,Rijeka,134399,Rijeka,Stadion HNK Rijeka,0,51000,45.3271,14.4422,Croatian First League,4629,4445,,,Rijeka.jpg
Cyprus,AEL Limassol,137922,Limassol,Alphamega Stadium,13331,3100,34.692255,32.939065,Cypriot First Division,4349,4446,,,ael-limassol.png
Cyprus,Anorthosis Famagusta,133994,Larnaca,Antonis Papadopoulos Stadium,10230,6300,34.937254,33.620747,Cypriot First Division,4349,4446,,       ,anorthosis-famagusta.png
Cyprus,APOEL,133898,Nicosia,GSP Stadium,22859,1070,35.11455,33.363688,Cypriot First Division,4349,4446,,,APOEL.png
Cyprus,Apollon Limassol,134407,Limassol,Alphamega Stadium,13331,3100,34.692255,32.939065,Cypriot First Division,4349,4446,,,apollon-limassol.png
Cyprus,Aris Limassol,141094,Limassol,Alphamega Stadium,13331,3100,34.692255,32.939065,Cypriot First Division,4349,4446,,,aris-limassol.png
Cyprus,Doxa Katokopias,137923,Katokopia,Stadio Katokopia-Epistrofi-Glafkos Kliridis,16000,2300,35.15,33.2833,Cypriot First Division,4349,4446,,        ,doxa-katokopias.png
Cyprus,Enosis Neon Paralimni,137924,Paralimni,Paralimni Municipal Stadium,5800,5290,35.0333,33.9833,Cypriot First Division,4349,4446,,,enosis-neon-paralimni.png
Cyprus,Ethnikos Achna,137925,Achna,Ethnikos Achnas Stadium,7000,7600,35.049137,33.77336,Cypriot First Division,4349,4446,,,ethnikos-achna.png
Cyprus,Nea Salamis,134421,Larnaca,Ammochostos Stadium,5000,6300,34.929338,33.614077,Cypriot First Division,4349,4446,,,nea-salamis-famagusta.png
Cyprus,Omonia,133901,Nicosia,GSP Stadium,22859,1070,35.11455,33.363688,Cypriot First Division,4349,4446,,,omonia-29m.png
Czech Republic,Bohemians 1905,136681,Prague,colicek,6100,130 00,50.0755,14.4378,Czech First League,4346,4443,,,bohemians-1905.png
Czech Republic,Brno,134403,Brno,Mestsky Fotbalovy Stadion Srbska,12550,612 00,49.1951,16.6068,Czech First League,4346,4443,,,Brno.png
Czech Republic,Hradec Kralove,141109,Hradec Králové,Malsovicka Arena,7220,500 03,50.206322,15.845392,Czech First League,4346,4443,,,hradec-králové.png
Czech Republic,Karvina,136679,Karviná,Mcstsky stadion v Karvine,4833,733 01,49.8542,18.5422,Czech First League,4346,4443,,,karviná.png
Czech Republic,Opava,137809,Opava,Stadion v Mcstskych sadech,9100,746 01,49.9386,17.9025,Czech First League,4346,4443,,,Opava.jpg
Czech Republic,Plzen,140877,Plzeň,Home Monitoring Arena,8236,301 00,49.736391,13.37731,Czech First League,4346,4443,,,Plzen.png
Czech Republic,Slavia Prague,136036,Prague,Fortuna Arena,21000,100 00,50.067569,14.471505,Czech First League,4346,4443,,,slavia-prague.png
Czech Republic,Slovan Liberec,133954,Liberec,Stadion U Nisy,9900,460 01,50.752508,15.050036,Czech First League,4346,4443,,,slovan-liberec.png
Czech Republic,Sparta Prague,134007,Prague,epet ARENA,19416,170 00,50.099713,14.415892,Czech First League,4346,4443,,              ,sparta-prague.png
Czech Republic,Trinec,141114,Třinec,Stadion Rudolfa Labaje,2200,739 61,49.668641,18.667806,Czech First League,4346,4443,,,Trinec.jpg
Czech Republic,Viktoria Plzen,134015,Plzen,Doosan Arena,11700,30100,49.749996,13.38512,Czech First League,4346,4443,,,viktoria-plzeň.png
Czech Republic,Zlin,137810,Zlín,Stadion Letna Zlin,5898,760 01,49.217526,17.659956,Czech First League,4346,4443,,,zlín.png
Denmark,Aarhus GF,133806,Aarhus,Ceres Park,19433,8200,56.156303,10.192682,Danish Superliga,4340,4438,,,aarhus-fremad.png
Denmark,Horsens,134298,Horsens,Casa Arena Horsens,10400,8700,55.871788,9.8576,Danish Superliga,4340,4438,,,ac-horsens.png
Denmark,Brøndby,133893,Brøndby,Brøndby Stadion,28000,2605,55.647861,12.418446,Danish Superliga,4340,4438,,,brøndby.png
Denmark,Esbjerg,133939,Esbjerg,Blue Water Arena,18000,6700,55.481943,8.438397,Danish Superliga,4340,4438,,,esbjerg.png
Denmark,Copenhagen,133804,Copenhagen,Parken Stadium,38065,2100,55.702704,12.572264,Danish Superliga,4340,4438,,,fc-copenhagen.png
Denmark,Midtjylland,133891,Herning,MCH Arena,11432,7400,56.116791,8.951785,Danish Superliga,4340,4438,,,fc-midtjylland.png
Denmark,OB,152148,Odense,oB's Anlæg,15790,5250,55.3997,10.3831,Danish Superliga,4340,4438,,,OB.svg
Denmark,Randers,133938,Randers,Cepheus Park Randers,12000,8900,56.466072,10.010154,Danish Superliga,4340,4438,,,randers-fc.png
Denmark,Sønderjyske,133897,Haderslev,Sydbank Park,10000,6100,55.261333,9.487717,Danish Superliga,4340,4438,,,sønderjyske.png
Denmark,Silkeborg,134296,Silkeborg,Jysk Park,10000,8600,56.184187,9.575152,Danish Superliga,4340,4438,,,silkeborg-if.png
Denmark,Vejle,136188,Vejle,Vejle Stadion,11060,7100,55.713724,9.556158,Danish Superliga,4340,4438,,,vejle.png
Eire, Bohemians,134043,Dublin,Dalymount Park,3640,D07 RX65,53.3617,-6.275,Irish Premier Division,4350,4441,,        ,Bohemians.png
Eire, Cork City,138031,Cork,Turners Cross,7486,T12 EF82,51.888247,-8.465016,Irish Premier Division,4350,4441,,,Cork City.jpg
Eire, Derry City,134354,Derry,Ryan McBride Brandywell Stadium,7700,BT48 9QY,54.9966,-7.3086,Irish Premier Division,4350,4441,,,Derry_City.png
Eire, Dundalk,134618,Dundalk,Oriel Park,4500,3126,53.998227,-6.416456,Irish Premier Division,4350,4441,,,Dundalk.png
Eire, Finn Harps,138032,Ballybofey,Finn Park,4200,F93 X2C0,54.797927,-7.778649,Irish Premier Division,4350,4441,,      ,Finn Harps.svg
Eire, Shamrock Rovers,133978,Dublin,Tallaght Stadium,8000,D24 RW72,53.2836,-6.3736,Irish Premier Division,4350,4441,,,Shamrock Rovers.svg
Eire, Shelbourne,138033,Dublin,Tolka Park,3600,D03 R8Y4,53.367557,-6.251982,Irish Premier Division,4350,4441,,,Shelbourne.png
Eire, Sligo Rovers,134093,Sligo,The Showgrounds,8000,F91 YW30,54.270026,-8.486723,Irish Premier Division,4350,4441,,,Sligo Rovers.svg
Eire, St Patrick's Athletic,134366,Dublin,Richmond Park,5340,D08 KF66,53.3408,-6.3167,Irish Premier Division,4350,4441,,,St Patrick's Athletic.svg
Eire, Waterford,138034,Waterford,Waterford Regional Sports Centre,5500,X91 PX03,52.246258,-7.12483,Irish Premier Division,4350,4441,,       ,Waterford.jpg
England,Arsenal,133604,London,Emirates Stadium,60338,75016,51.5549,-0.1084,English Premier League,4328,4424,EFL Cup,4426,arsenal.png
England,Aston Villa,133601,Birmingham,Villa Park,42785,B6 6HE,52.5092,-1.885,English Premier League,4328,4424,EFL Cup,4426,aston-villa.png
England,Blackburn Rovers,133598,Blackburn,Ewood Park,31367,BB2 4JF,53.7286,-2.4894,English League Championship,4329,4424,,,blackburn-rovers.png
England,Bournemouth,134301,Bournemouth,Vitality Stadium,11464,BH7 7AF,50.7353,-1.8383,English Premier League,4328,4424,EFL Cup,4426,bournemouth.png
England,Brentford,134355,London,Brentford Community Stadium,17250,TW8 0NT,51.4907,-0.2889,English Premier League,4328,4424,EFL Cup,4426,brentford.png
England,Brighton & Hove Albion,133619,Brighton,Amex Stadium,31800,BN1 9BL,50.860628,-0.081461,English Premier League,4328,4424,EFL Cup,4426,brighton-and-hove-albion.png
England,Bristol City,133621,Bristol,Ashton Gate,27000,BS3 2EJ,51.44,-2.6202,English League Championship,4329,4424,,,bristol-city.png
England,Burnley,133623,Burnley,Turf Moor,21944,BB10 4BX,53.789361,-2.229855,English Premier League,4329,4424,,,burnley.png
England,Chelsea,133610,London,Stamford Bridge,41798,SW6 1HS,51.4817,-0.191,English Premier League,4328,4424,EFL Cup,4426,chelsea.png
England,Coventry City,133625,Coventry,Coventry Building Society Arena,32609,CV6 6GE,52.448158,-1.497017,English League Championship,4329,4424,,,coventry-city.png
England,Crystal Palace,133632,London,Selhurst Park,26255,SE25 6PU,51.3983,-0.0854,English Premier League,4328,4424,EFL Cup,4426,crystal-palace.png
England,Derby County,133627,Derby,Pride Park,33597,DE24 8XL,52.914003,-1.452454,English League Championship,4329,4424,,,derby-county.png
England,Everton,133615,Liverpool,Hill Dickinson Stadium,40157,L4 4EL,53.424988,-3.002754,English Premier League,4328,4424,EFL Cup,4426,everton.png
England,Fulham,133600,London,Craven Cottage,25700,SW6 6HH,51.4749,-0.2217,English Premier League,4328,4424,EFL Cup,4426,fulham.png
England,Hull City,133617,Hull,MKM Stadium,25586,HU3 6HU,53.7462,-0.3679,English League Championship,4329,4424,,,hull-city.png
England,Ipswich Town,133622,Ipswich,Portman Road,29673,IP1 2DA,52.054741,1.146363,English League Championship,4329,4424,EFL Cup,4426,ipswich-town.png
England,Leeds United,133635,Leeds,Elland Road,37890,LS11 0ES,53.766576,-1.578576,English League Championship,4329,4424,,,leeds-united.png
England,Leicester City,133626,Leicester,King Power Stadium,32262,LE2 7FL,52.6203,-1.142,English League Championship,4329,4424,EFL Cup,4426,leicester-city.png
England,Liverpool,133602,Liverpool,Anfield,55000,L4 0TH,53.4308,-2.9608,English Premier League,4328,4424,EFL Cup,4426,liverpool.png
England,Luton Town,133888,Luton,Kenilworth Road,10356,LU4 8AW,51.884888,-0.428432,English League Championship,4329,4424,,,Luton Town.svg
England,Manchester City,133613,Manchester,Etihad Stadium,62000,M11 3FF,53.4831,-2.2004,English Premier League,4328,4424,EFL Cup,4426,manchester-city.png
England,Manchester United,133612,Manchester,Old Trafford,76962,M16 0RA,53.4631,-2.2914,English Premier League,4328,4424,EFL Cup,4426,manchester-united.png
England,Middlesbrough,133628,Middlesbrough,Riverside Stadium,34742,TS3 6RS,54.5781,-1.2168,English League Championship,4329,4424,,,middlesbrough.png
England,Millwall,133634,London,The Den,20146,SE16 3LN,51.4859,-0.0506,English League Championship,4329,4424,,,millwall.png
England,Newcastle United,134777,Newcastle,St James Park,52305,NE1 4ST,54.9756,-1.6217,English Premier League,4328,4424,EFL Cup,4426,newcastle-united.png
England,Norwich City,133608,Norwich,Carrow Road,27244,NR1 1JE,52.6221,1.3089,English League Championship,4329,4424,,,norwich-city.png
England,Nottingham Forest,133720,Nottingham,City Ground,30445,NG2 5FJ,52.94,-1.1328,English Premier League,4328,4424,EFL Cup,4426,nottingham-forest.png
England,Oxford United,134361,Oxford,Kassam Stadium,12500,OX4 4XP,51.716467,-1.20766,English League Championship,4329,4424,EFL Cup,4426,oxford-united.png
England,Plymouth Argyle,133836,Plymouth,Home Park,18600,PL2 3DQ,50.3881,-4.1506,English League Championship,4329,4424,,,Plymouth Argyle.svg
England,Portsmouth,133629,Portsmouth,Fratton Park,20899,PO4 8RA,50.7964,-1.0639,English League Championship,4329,4424,EFL Cup,4426,portsmouth.png
England,Preston North End,133809,Preston,Deepdale,23404,PR1 6RU,53.7722,-2.6883,English League Championship,4329,4424,,,preston-north-end.png
England,Queens Park Rangers,133605,London,Loftus Road,18439,W12 7PJ,51.542271,0.076495,English League Championship,4329,4424,,,queens-park-rangers.png
England,Sheffield United,133811,Sheffield,Bramall Lane,32050,S2 4SU,53.3703,-1.4709,English League Championship,4329,4424,,,sheffield-united.png
England,Sheffield Wednesday,133837,Sheffield,Hillsborough,34835,S6 1SW,53.4114,-1.5006,English League Championship,4329,4424,,,sheffield-wednesday.png
England,Southampton,134778,Southampton,St. Mary's Stadium,32505,SO14 5FP,50.9058,-1.3911,English League Championship,4329,4424,EFL Cup,4426,southampton.png
England,Stoke City,133609,Stoke-on-Trent,bet365 Stadium,30089,ST4 4EG,52.9883,-2.1753,English League Championship,4329,4424,,,stoke-city.png
England,Sunderland,133603,Sunderland,Stadium of Light,49000,SR5 1SU,54.9144,-1.3882,English League Championship,4329,4424,,,sunderland.png
England,Tottenham Hotspur,133616,London,Tottenham Hotspur Stadium,36284,N17 0AP,51.6042,-0.0662,English Premier League,4328,4424,EFL Cup,4426,tottenham-hotspur.png
England,Watford,133624,Watford,Vicarage Road,22200,WD18 0ER,51.653149,-0.398018,English League Championship,4329,4424,,,watford.png
England,West Bromwich Albion,133611,West Bromwich,The Hawthorns,26688,B71 4LF,52.509165,-1.963662,English League Championship,4329,4424,,,west-bromwich-albion.png
England,West Ham United,133636,London,London Stadium,60000,1100,51.5386,-0.0163,English Premier League,4328,4424,EFL Cup,4426,west-ham-united.png
England,Wolverhampton Wanderers,133599,Wolverhampton,Molineux Stadium,31700,WV1 4QR,52.5903,-2.1305,English Premier League,4328,4424,EFL Cup,4426,wolverhampton-wanderers.png
Finland,FC Lahti,136686,Lahti,Lahden Stadion,14500,15110,60.982995,25.63596,Finnish Veikkausliiga,4342,4439,,,FC Lahti.jpg
Finland,Honka,134352,Espoo,Tapiolan Urheilupuisto,0,2100,60.177319,24.783001,Finnish Veikkausliiga,4342,4439,,,haka.png
Finland,HJK Helsinki,133953,Helsinki,Bolt Arena,10770,250,60.187602,24.922736,Finnish Veikkausliiga,4342,4439,,,hjk-helsinki.png
Finland,Mariehamn,134337,Mariehamn,Wiklof Holding Arena,0,22100,60.103924,19.93362,Finnish Veikkausliiga,4342,4439,,,ifk-mariehamn.png
Finland,Ilves,136687,Tampere,Tammelan Stadion,8000,33240,61.500453,23.785344,Finnish Veikkausliiga,4342,4439,,,ilves.png
Finland,SJK,135530,Seinäjoki,OmaSP Stadion,5000,60100,62.778793,22.814774,Finnish Veikkausliiga,4342,4439,,,jjk.png
Finland,KuPS,134018,Kuopio,Vare Areena,5000,70100,62.88465,27.671557,Finnish Veikkausliiga,4342,4439,,,kups.png
Finland,RoPS,134606,Rovaniemi,Zelezarnica Stadium,4000,1000,66.5039,25.7294,Finnish Veikkausliiga,4342,4439,,,rops.png
Finland,Turku,135531,Turku,Veritas Stadion,9372,20100,60.442698,22.291855,Finnish Veikkausliiga,4342,4439,,,Turku.jpg
Finland, VPS,137878,Vaasa,Lemonsoft Stadion,6005,65100,63.085362,21.627875,Finnish Veikkausliiga,4342,4439,,    ,vps.png
France,Angers,134709,Angers,Stade Raymond Kopa,18752,49100,47.460552,-0.530695,French Ligue 1,4334,4430,Coupe de la Ligue,4432,angers.png
France,Auxerre,134788,Auxerre,Stade de l'Abbe Deschamps,21379,89000,47.7983,3.5669,French Ligue 1,4334,4430,Coupe de la Ligue,4432,auxerre.png
France,Brest,133704,Brest,Stade Francis-Le Ble,15097,29200,48.403042,-4.46136,French Ligue 1,4334,4430,Coupe de la Ligue,4432,brest.png
France,Le Havre,133862,Le Havre,Stade Oceane,25178,76600,49.498751,0.169464,French Ligue 1,4334,4430,Coupe de la Ligue,4432,le-havre.png
France,Lens,133822,Lens,Stade Bollaert-Delelis,41229,62300,50.4329,2.815,French Ligue 1,4334,4430,Coupe de la Ligue,4432,lens.png
France,Lille,133711,Lille,Decathlon Arena - Stade Pierre-Mauroy,50157,59650,50.611904,3.130508,French Ligue 1,4334,4430,Coupe de la Ligue,4432,lille.png
France,Lyon,133713,Lyon,Groupama Stadium,59186,69150,45.765362,4.982054,French Ligue 1,4334,4430,Coupe de la Ligue,4432,lyon.png
France,Marseille,133707,Marseille,Orange Velodrome,67394,13008,43.269835,5.395912,French Ligue 1,4334,4430,Coupe de la Ligue,4432,marseille.png
France,Monaco,133823,Monaco,Stade Louis II,18523,98000,43.7384,7.4246,French Ligue 1,4334,4430,Coupe de la Ligue,4432,monaco.png
France,Montpellier,133709,Montpellier,Stade de la Mosson,32900,34000,43.622022,3.81209,French Ligue 2,4401,4430,Coupe de la Ligue,4432,montpellier.png
France,Nantes,133861,Nantes,Stade de la Beaujoire - Louis Fonteneau,38285,44300,47.256005,-1.524755,French Ligue 1,4334,4430,Coupe de la Ligue,4432,nantes.png
France,Nice,133712,Nice,Allianz Riviera,35624,6200,43.705148,7.192603,French Ligue 1,4334,4430,Coupe de la Ligue,4432,nice.png
France,Paris Saint-Germain,133604,Paris,Parc des Princes,47929,75016,48.841363,2.253069,French Ligue 1,4334,4430,Coupe de la Ligue,4432,Paris Saint-Germain.svg
France,PSG,133714,Paris,Parc des Princes,47929,75016,48.8414,2.253,French Ligue 2,4334,4430,Coupe de la Ligue,4432,PSG.svg
France,Rennes,133719,Rennes,Roazhon Park,29778,35000,48.107565,-1.712654,French Ligue 1,4334,4430,Coupe de la Ligue,4432,rennes.png
France,Strasbourg,133882,Strasbourg,Stade de la Meinau,29230,67100,48.559948,7.755122,French Ligue 1,4334,4430,Coupe de la Ligue,4432,strasbourg.png
France,Toulouse,133703,Toulouse,Stadium de Toulouse,33150,31200,43.583226,1.434064,French Ligue 1,4334,4430,Coupe de la Ligue,4432,toulouse.png
Georgia,FC Dila Gori,133906,Gori,Tengiz Burjanadze Stadium,4000,1400,41.982927,44.103703,Georgian Erovnuli Liga,4350,4447,,,dila-gori.png
Georgia,FC Dinamo Batumi,138043,Batumi,Batumi Stadium,2000,6010,41.63522,41.619173,Georgian Erovnuli Liga,4350,4447,,,dinamo-batumi.png
Georgia,FC Dinamo Tbilisi,133904,Tbilisi,Boris Paichadze Dinamo Arena,54549,177,41.723028,44.789794,Georgian Erovnuli Liga,4350,4447,,,dinamo-tbilisi.png
Georgia,FC Saburtalo Tbilisi,134426,Tbilisi,Mikheil Meskhi Stadium,24680,177,41.709804,44.746271,Georgian Erovnuli Liga,4350,4447,,         ,Not_Found.png
Georgia,FC Locomotive Tbilisi,133907,Tbilisi,Mikheil Meskhi Stadium,24680,177,41.709804,44.746271,Georgian Erovnuli Liga,4350,4447,,,FC Locomotive Tbilisi.png
Georgia,FC WIT Georgia,139055,Tbilisi,Mikheil Meskhi Stadium,1000,177,41.709804,44.746271,Georgian Erovnuli Liga,4350,4447,,,Not_Found.png
Georgia,FC Telavi,134430,Telavi,Telavi City Stadium,2500,2200,41.9186,45.4736,Georgian Erovnuli Liga,4350,4447,,        ,telavi.png
Georgia,FC Torpedo Kutaisi,133905,Kutaisi,Georgios Karaiskakis Stadium,32115,185 47,42.2679,42.6954,Georgian Erovnuli Liga,4350,4447,,,torpedo-kutaisi.png
Georgia,FC Samtredia,134427,Samtredia,Erosi Manjgaladze Stadium,2000,5400,42.160764,42.330567,Georgian Erovnuli Liga,4350,4447,,,Not_Found.png
Georgia,FC Shukura Kobuleti,134428,Kobuleti,Chele Arena,3000,6200,41.8167,41.7833,Georgian Erovnuli Liga,4350,4447,,,Not_Found.png
Georgia,FC Sioni Bolnisi,139054,Bolnisi,Sioni Stadium,3000,3200,41.45,44.5333,Georgian Erovnuli Liga,4350,4447,,,Not_Found.png
Germany,Bayer Leverkusen,133666,Leverkusen,BayArena,30210,51373,51.038144,7.003096,German Bundesliga,4331,4425,,,bayer-leverkusen.png
Germany,Bayern Munich,133664,Munich,Allianz Arena,75024,80939,48.21879,11.623623,German Bundesliga,4331,4425,,,bayern-munich.png
Germany,Bochum,133839,Bochum,Vonovia Ruhrstadion,27599,44791,51.490083,7.236509,German 2. Bundesliga,4399,4425,,,bochum.png
Germany,Borussia Dortmund,133650,Dortmund,Signal Iduna Park,80720,44139,51.492492,7.451855,German Bundesliga,4331,4425,,,borussia-dortmund.png
Germany,Borussia Monchengladbach,134779,Mönchengladbach,Stadion im Borussia-Park,54057,41061,51.174625,6.385409,German Bundesliga,4331,4425,,,borussia-mönchengladbach.png
Germany,Eintracht Frankfurt,133814,Frankfurt,Deutsche Bank Park,51500,60528,50.06861,8.645415,German Bundesliga,4331,4425,,,eintracht-frankfurt.png
Germany,FC Augsburg,133652,Augsburg,WWK Arena,30660,86161,48.323118,10.885879,German Bundesliga,4331,4425,,,fc-augsburg.png
Germany,Freiburg,133653,Freiburg,Europa-Park Stadion,24000,79108,48.021378,7.829817,German Bundesliga,4331,4425,,,freiburg.png
Germany,Hoffenheim,133657,Sinsheim,PreZero Arena,30150,74889,49.23806,8.887641,German Bundesliga,4331,4425,,,hoffenheim.png
Germany,Holstein Kiel,136027,Kiel,Holstein-Stadion,15034,24116,54.349209,10.123756,German 2. Bundesliga,4399,4425,,,holstein-kiel.png
Germany,Mainz,133665,Mainz,MEWA ARENA,34000,55131,49.983945,8.224474,German Bundesliga,4331,4425,,,mainz.png
Germany,RB Leipzig,134695,Leipzig,Leipzig Stadium,42959,4109,51.345708,12.348236,German Bundesliga,4331,4425,,,rb-leipzig.png
Germany,St Pauli,133813,Hamburg,Millerntor-Stadion,29546,20359,53.554557,9.967784,German Bundesliga,4331,4425,,,st-pauli.png
Germany,Stuttgart,133660,Stuttgart,MHP Arena,60469,70372,48.792249,9.232086,German Bundesliga,4331,4425,,,stuttgart.png
Germany,Union Berlin,134690,Berlin,Stadion An der Alten Forsterei,22012,12555,52.456974,13.568079,German Bundesliga,4331,4425,,,union-berlin.png
Germany,Werder Bremen,133662,Bremen,Weserstadion,42500,28205,53.066448,8.837672,German Bundesliga,4331,4425,,,werder-bremen.png
Germany,Wolfsburg,133655,Wolfsburg,Volkswagen Arena,30000,38440,52.432858,10.803104,German Bundesliga,4331,4425,,,wolfsburg.png
Greece,AEK Athens,133753,Athens,OPAP Arena,32500,14342,38.037187,23.740932,Super League Greece,4338,4446,,,AEK Athens.png
Greece,Apollon Smyrnis,134439,Athens,Georgios Kamaras Stadium,14856,11257,38.0282,23.741,Super League Greece,4338,4446,,,Apollon Smyrnis.png
Greece,Aris Thessaloniki,134432,Thessaloniki,Kleanthis Vikelidis Stadium,22800,546 21,40.600066,22.969504,Super League Greece,4338,4446,,,Aris Thessaloniki.png
Greece,Iraklis,133828,Thessaloniki,Kaftanzoglio Stadium,27770,54636,40.625547,22.966976,Super League Greece,4338,4446,,,iraklis-1908.png
Greece,Lamia,136029,Lamia,Lamia Municipal Stadium,5500,351 00,38.8998,22.4336,Super League Greece,4338,4446,,,kalamata.png
Greece,Volos,136853,Volos,Panthessaliko Stadium,22700,38221,39.387389,22.931244,Super League Greece,4338,4446,,,niki-volos.png
Greece,Atromitos,133744,Peristeri,Peristeri Stadium,9050,12134,38.005055,23.689861,Super League Greece,4338,4446,,,Not_Found.png
Greece,OFI Crete,134434,Heraklion,Theodoros Vardinogiannis Stadium,9088,713 06,35.337905,25.114746,Super League Greece,4338,4446,,,OFI Crete.png
Greece,Olympiakos,133905,Piraeus,Georgios Karaiskakis Stadium,32115,185 47,37.946469,23.664412,Super League Greece,4338,4446,, ,olympiacos-ii.png
Greece,Panathinaikos,133746,Athens,Apostolos Nikolaidis Stadium,16003,11743,37.9872,23.7542,Super League Greece,4338,4446,,,panargiakos.png
Greece,Panetolikos,133751,Agrinio,Panetolikos Stadium,7000,30100,38.6211,21.4078,Super League Greece,4338,4446,,,Not_Found.png
Greece,Panionios,133747,Athens,Nea Smyrni Stadium,11700,17121,37.94303,23.709968,Super League Greece,4338,4446,,,panionios.png
Greece,PAOK,133749,Thessaloniki,Toumba Stadium,28703,54621,40.61387,22.972365,Super League Greece,4338,4446,,,paok-ii.png
Hungary,ojpest,138183,Budapest,Szusza Ferenc Stadion,14817,1043,47.57487,19.083495,Hungarian NB I,4347,4444,,,újpest.p. Ypu will find the Queens Parkng
Hungary,Budapest Honved,134070,Budapest,Bozsik Aréna,8000,1191,47.4425,19.155,Hungarian NB I,4347,4444,,,budapest-honvéd.png
Hungary,Debrecen,133945,Debrecen,Nagyerdei Stadion,20340,4032,47.553991,21.632908,Hungarian NB I,4347,4444,,,debrecen.png
Hungary,Diosgynr,134611,Miskolc,DVTK-Stadion,15325,1430,48.099863,20.717557,Hungarian NB I,4347,4444,,,diósgyőr.png
Hungary,Fehervar,134003,Székesfehérvár,MOL Arena Sosto,14201,8000,47.173651,18.414311,Hungarian NB I,4347,4444,,,fehérvár.png
Hungary,Ferencvaros,134620,Budapest,Groupama Aréna,22000,1091,47.4753,19.095,Hungarian NB I,4347,4444,,,ferencváros.png
Hungary,Kisvarda,138184,Kisvárda,Varkerti Stadion,2750,3600,48.233213,22.073581,Hungarian NB I,4347,4444,,,kisvárda.png
Hungary,Meznkovesd,138181,Mezőkövesd,Varosi Stadion Meznkovesd,4183,3400,47.8167,20.5833,Hungarian NB I,4347,4444,,,mezőkövesd.png
Hungary,MTK Budapest,134028,Budapest,Hidegkuti Nándor Stadion,5322,1084,47.4908,19.1067,Hungarian NB I,4347,4444,, ,mtk-budapest.png
Hungary,Puskas Akademia,133889,Felcsút,Pancho Arena,3816,6000,47.463962,18.586621,Hungarian NB I,4347,4444,,,puskás-akadémia-fc.png
Hungary,Zalaegerszeg,138186,Zalaegerszeg,ZTE Arena,11200,8900,46.848651,16.848672,Hungarian NB I,4347,4444,,,zalaegerszeg.png
Iceland,Fylkir,137968,Reykjavik,Fylkisvöllur,5000,108,64.113404,-21.792711,orvalsdeild,4339,4447,,,Fylkir.png
Iceland,Grindavik,137969,Grindavík,Grindavikurvollur,1750,240,63.844507,-22.429149,orvalsdeild,4339,4447,,,Grindavik.jpg
Iceland,KA Akureyri,137970,Akureyri,Akureyrarvollur,2000,600,65.685873,-18.095001,orvalsdeild,4339,4447,,,KA Akureyri.svg
Iceland,KR Reykjavik,133968,Reykjavik,KR-völlur,2781,101,64.1457,-21.9677,orvalsdeild,4339,4447,,       ,KR Reykjavik.png
Iceland,FH Hafnarfjoro°ur,134081,Hafnarfjörður,Kaplakriki,6500,220,64.075508,-21.935292,orvalsdeild,4339,4447,,,Not_Found.png
Iceland,Valur,137973,Reykjavik,Hlíðarendi,1524,108,64.1328,-21.9236,orvalsdeild,4339,4447,,,Not_Found.png
Iceland,oBV,134445,Vestmannaeyjar,Hásteinsvöllur,1043,900,63.43934,-20.28782,orvalsdeild,4339,4447,,,Not_Found.png
Iceland,oA Akranes,137972,Akranes,Akranesvollur,6000,300,64.31747,-22.059729,orvalsdeild,4339,4447,, ,Not_Found.png
Iceland,Stjarnan,134621,Garðabær,Samsung vollurinn,1298,10,64.087396,-21.928971,orvalsdeild,4339,4447,,,Stjarnan.png
Iceland,Vikingur Reykjavik,137974,Reykjavik,Víkingsvöllur,1149,104,64.11699,-21.852528,orvalsdeild,4339,4447,,,Vikingur Reykjavik.svg
Italy,AC Milan,133667,Milan,Stadio Giuseppe Meazza,80018,20151,45.4782,9.123964,Italian Serie A,4332,4431,,,ac-milan.png
Italy,Atalanta,134782,Bergamo,Gewiss Stadium,21300,24128,45.6983,9.6773,Italian Serie A,4332,4431,,,atalanta.png
Italy,Bologna,134781,Bologna,Stadio Renato Dall'Ara,38279,40137,44.492317,11.310801,Italian Serie A,4332,4431,,,bologna.png
Italy,Cagliari,134783,Cagliari,Unipol Domus,16233,9123,39.199195,9.137428,Italian Serie A,4332,4431,,,cagliari.png
Italy,Como,134243,Como,Stadio Giuseppe Sinigaglia,15000,22100,45.813829,9.072324,Italian Serie A,4332,4431,,,como.png
Italy,Empoli,133695,Empoli,Stadio Carlo Castellani,19847,50053,43.726548,10.954727,Italian Serie B,4394,4431,,,empoli.png
Italy,Fiorentina,133674,Florence,Stadio Artemio Franchi,43147,50132,43.780884,11.282819,Italian Serie A,4332,4431,,,fiorentina.png
Italy,Genoa,133675,Genoa,Stadio Luigi Ferraris,36599,80125,44.416475,8.952534,Italian Serie A,4332,4431,,,genoa.png
Italy,Inter Milan,133681,Milan,Stadio Giuseppe Meazza,80018,40127,45.4782,9.123964,Italian Serie A,4332,4431,,,inter-milan.png
Italy,Juventus,133676,Turin,Allianz Stadium Turin,41507,20151,45.109576,7.642134,Italian Serie A,4332,4431,,,juventus.png
Italy,Lazio,133668,Rome,Stadio Olimpico,70634,135,41.933942,12.454771,Italian Serie A,4332,4431,,,lazio.png
Italy,Lecce,133678,Lecce,Stadio Via del mare,31533,16151,40.365114,18.208918,Italian Serie A,4332,4431,,,lecce.png
Italy,Monza,134270,Monza,U-Power Stadium,18568,20900,45.583112,9.307928,Italian Serie B,4394,4431,,,monza.png
Italy,Napoli,133670,Naples,Stadio Diego Armando Maradona,60240,80125,40.827977,14.192889,Italian Serie A,4332,4431,,,napoli.png
Italy,Parma,135728,Parma,Stadio Ennio Tardini,22359,43121,44.794758,10.338373,Italian Serie A,4332,4431,,,parma.png
Italy,Roma,133682,Rome,Stadio Olimpico,70634,135,41.933942,12.454771,Italian Serie A,4332,4431,,,roma.png
Italy,Torino,133687,Turin,Stadio Olimpico Grande Torino,27958,10154,45.041743,7.650018,Italian Serie A,4332,4431,,,torino.png
Italy,Udinese,133679,Udine,Bluenergy Stadium,25144,16151,46.081402,13.199741,Italian Serie A,4332,4431,,,udinese.png
Italy,Venezia,134234,Venice,Stadio Pierluigi Penzo,7450,30124,45.4408,12.3155,Italian Serie B,4394,4431,,,venezia.png
Kazakhstan,Aktobe,140520,Aktobe,Central Stadium Aktobe,13500,30000,50.743148,56.50515,Kazakhstan Premier League,4352,4448,,,aktobe.png
Kazakhstan,Astana,134342,Astana,Astana Arena,30254,10000,51.108143,71.402728,Kazakhstan Premier League,4352,4448,,,astana.png
Kazakhstan,Zhastar,134456,Turkistan,Zhastar Stadium,5000,161200,43.3,68.2667,Kazakhstan Premier League,4352,4448,,                  ,Not_Found.png
Kazakhstan,FC Caspiy,134460,Aktau,Caspiy Stadium,8500,130000,43.65,51.1667,Kazakhstan Premier League,4352,4448,,,FC Caspiy.png
Kazakhstan,Irtysh Pavlodar,134348,Pavlodar,Central Stadium,12000,140000,52.276284,76.952978,Kazakhstan Premier League,4352,4448,,,Irtysh Pavlodar.png
Kazakhstan,Kairat,134452,Almaty,Central Stadium Almaty,23804,50000,43.236947,76.925171,Kazakhstan Premier League,4352,4448,,,kairat-almaty.png
Kazakhstan,Akzhayik,140797,Oral,Petr Atoyan Stadium,8320,90000,51.2333,51.3667,Kazakhstan Premier League,4352,4448,,,Not_Found.png
Kazakhstan,Ordabasy,134453,Shymkent,Kazhymukan Munaitpasov Stadium,11500,160012,42.335659,69.593539,Kazakhstan Premier League,4352,4448,,,ordabasy-shymkent.png
Kazakhstan,Shakhter Karagandy,133974,Karaganda,Shakhter Stadium,19000,100027,49.8047,73.1094,Kazakhstan Premier League,4352,4448,,,Shakhter Karagandy.svg
Kazakhstan,Tobol,138042,Kostanay,Central Stadium,9500,110000,53.2144,63.6246,Kazakhstan Premier League,4352,4448,,,tobol.png
Kosovo,FC Prishtina,134461,Pristina,Fadil Vokrri Stadium,13500,10000,42.662853,21.157083,Kosovo Superliga,4353,4449,,,Not_Found.png
Kosovo,FC Drita,134462,Gjilan,Riza Lushta Stadium,1500,61000,42.4636,21.4694,Kosovo Superliga,4353,4449,,,Not_Found.png
Kosovo,FC Feronikeli,134463,Drenas,Riza Lushta Stadium,1500,71000,42.6228,20.8889,Kosovo Superliga,4353,4449,,,Not_Found.png
Kosovo,FC Llapi,134464,Podujevo,Zahir Pajaziti Stadium,2000,12000,42.9106,21.1936,Kosovo Superliga,4353,4449,,,Not_Found.png
Kosovo,FC Trepca'89,134465,Mitrovica,Adem Jashari Stadium,18500,38000,42.881533,20.850733,Kosovo Superliga,4353,4449,,,Not_Found.png
Kosovo,FC Ballkani,134466,Suhareka,Ballkani Stadium,2000,70000,42.3614,20.8289,Kosovo Superliga,4353,4449,,,FC Ballkani.svg
Kosovo,FC Gjilan,134467,Gjilan,Gjilan City Stadium,5000,60000,42.4636,21.4694,Kosovo Superliga,4353,4449,,,Not_Found.png
Kosovo,FC Liria,134468,Prizren,Perparim Thaqi Stadium,1500,20000,42.2139,20.7397,Kosovo Superliga,4353,4449,,,Not_Found.png
Kosovo,FC Vushtrria,134469,Vushtrri,Ferki Aliu Stadium,1500,42000,42.8231,20.9678,Kosovo Superliga,4353,4449,,,Not_Found.png
Kosovo,FC Drenica,134470,Skenderaj,Bajram Aliu Stadium,3000,71000,42.746867,20.794702,Kosovo Superliga,4353,4449,,,Not_Found.png
Kosovo,FC Flamurtari,134471,Pristina,Flamurtari Stadium,1500,10000,42.6748,21.171052,Kosovo Superliga,4353,4449,,,Not_Found.png
Kosovo,FC Dukagjini,134472,Klina,Ismet Shabani Stadium,1500,50000,42.6206,20.5778,Kosovo Superliga,4353,4449,,       ,Not_Found.png
Latvia,BFC Daugavpils,134049,Daugavpils,Daugava Stadium,3980,LV-5401,55.8747,26.5361,Latvian Virsliga,4359,4455,,,bfc-daugavpils.png
Latvia,FK Ventspils,133982,Ventspils,Ventspils Olimpiskais Stadions,3200,LV-3601,57.387728,21.570351,Latvian Virsliga,4359,4455,,,Not_Found.png
Latvia,FK Spartaks Jurmala,134543,Jūrmala,Sloka Stadium,2500,LV-2015,56.9681,23.7703,Latvian Virsliga,4359,4455,,,FK Auda.png
Latvia,FK Auda,134549,Riga,Auda Stadium,1000,LV-1050,56.9496,24.1052,Latvian Virsliga,4359,4455,,,Not_Found.png
Latvia,FK Liepaja,136122,Liepāja,Daugava Stadium,5100,LV-3401,56.502993,20.995381,Latvian Virsliga,4359,4455,,,fk-liepāja.png
Latvia,FK Metta,137983,Riga,Daugava Stadium,10461,LV-1004,56.956186,24.158654,Latvian Virsliga,4359,4455,,     ,fk-metta.png
Latvia,FK Jelgava,137982,Jelgava,Zemgale Olympic Center,1560,LV-3001,56.65,23.7167,Latvian Virsliga,4359,4455,,,fs-jelgava.png
Latvia,Riga FC,137984,Riga,Skonto Stadium,9100,LV-1050,56.961264,24.116215,Latvian Virsliga,4359,4455,,,riga-fc.png
Latvia,FK Tukums 2000,134546,Tukums,Tukums Stadium,1500,LV-3101,56.9675,23.1547,Latvian Virsliga,4359,4455,,       ,tukums.png
Latvia,Valmiera FC,134544,Valmiera,Vidzemes Olimpiskais Centrs,2000,LV-4201,57.528119,25.387887,Latvian Virsliga,4359,4455,,,Valmiera FC.png
Lithuania,Zalgiris Vilnius,134095,Vilnius,LFF Stadium,5067,LT-08105,54.668509,25.294795,Lithuanian A Lyga,4358,4454,,,žalgiris-vilnius.png
Lithuania,FK Dainava,134536,Alytus,Dainava Stadium,4000,44287,54.3964,24.0456,Lithuanian A Lyga,4358,4454,,,dainava.png
Lithuania,FK Banga,134535,Gargždai,Banga Stadium,3000,92276,55.7094,21.3972,Lithuanian A Lyga,4358,4454,,,FK Banga.png
Lithuania,FK Jonava,134537,Jonava,Jonava City Stadium,2000,55134,55.0722,24.2797,Lithuanian A Lyga,4358,4454,,,Not_Found.png
Lithuania,FK Nevczis,134538,Kėdainiai,Nevezhis Stadium,4000,35173,55.2833,23.9667,Lithuanian A Lyga,4358,4454,,,Not_Found.png
Lithuania,FK Hegelmann,134539,Kaunas,LFF Stadium,5067,8409,54.8985,23.9036,Lithuanian A Lyga,4358,4454,,,hegelmann-litauen.png
Lithuania,Kauno Zalgiris,137992,Kaunas,Darius and Girenas Stadium,15315,44293,54.897433,23.937333,Lithuanian A Lyga,4358,4454,,    ,kauno-žalgiris.png
Lithuania,Panevezys,137993,Panevėžys,Aukstaitija Stadium,6600,35200,55.7347,24.3575,Lithuanian A Lyga,4358,4454,,,panevėžys.png
Lithuania,FK Riteriai,134534,Vilnius,LFF Stadium,5067,8409,54.668509,25.294795,Lithuanian A Lyga,4358,4454,,,riteriai.png
Lithuania,Suduva,134048,Marijampolė,Suduva Stadium,6250,62175,54.5597,23.3542,Lithuanian A Lyga,4358,4454,,,sūduva.png
Moldova,FC Dacia Buiucani,134585,Chișinău,Dacia Stadium,2000,MD-2001,47.0105,28.8638,Moldovan National Division,4362,4458,,,dacia-buiucani.png
Moldova,FC Sfantul Gheorghe,134580,Suruceni,Sfantul Gheorghe Stadium,1000,MD-6801,46.9833,28.7167,Moldovan National Division,4362,4458,,,Not_Found.png
Moldova,FC Dinamo-Auto Tiraspol,134583,Tiraspol,Dinamo-Auto Stadium,1500,MD-3300,46.8403,29.6433,Moldovan National Division,4362,4458,,,Not_Found.png
Moldova,FC Codru Lozova,134586,Lozova,Codru Stadium,1500,MD-6524,47.0833,28.7333,Moldovan National Division,4362,4458,,,FC Codru Lozova.png
Moldova,FC FloreÈti,134587,Florești,Floresti Stadium,1500,MD-6501,47.0833,28.8,Moldovan National Division,4362,4458,,,Not_Found.png
Moldova,FC Zaria BclÈi,134588,Bălți,Zaria Stadium,5953,MD-3100,47.7625,27.9289,Moldovan National Division,4362,4458,,,Not_Found.png
Moldova,FC Speranța Nisporeni,134589,Nisporeni,Nisporeni Stadium,1000,MD-6401,47.076376,28.179299,Moldovan National Division,4362,4458,,,Not_Found.png
Moldova,FC Milsami Orhei,134582,Orhei,Stadionul Orasenesc Orhei,2539,MD-3505,47.3856,28.825,Moldovan National Division,4362,4458,,,milsami-orhei.png
Moldova,FC Petrocub HinceÈti,134581,Hîncești,Stadionul Orasenesc Hincesti,2500,MD-3201,46.8281,28.5889,Moldovan National Division,4362,4458,,,petrocub-hîncești.png
Moldova,Sheriff Tiraspol,133962,Tiraspol,Sheriff Arena,14000,3300,46.8403,29.6433,Moldovan National Division,4362,4458,,,sheriff-tiraspol.png
Moldova,FC Zimbru ChiÈincu,134584,Chișinău,Zimbru Stadium,10400,MD-2001,46.981011,28.867203,Moldovan National Division,4362,4458,,,zimbru-chișinău.png
North Macedonia,Akademija Pandev,134603,Strumica,Mladost Stadium,4000,2400,41.446009,22.637909,North Macedonian First League,4363,4459,,,Akademija Pandev.png
North Macedonia,Borec,138069,Veles,Stadion Zoran Paunov,2000,1400,41.7156,21.7756,North Macedonian First League,4363,4459,,,Borec.jpg
North Macedonia,FK Makedonija Gjorce Petrov,134612,Skopje,Gjorce Petrov Stadium,3000,1000,41.9973,21.428,North Macedonian First League,4363,4459,,,makedonija-gjorche-petrov.png
North Macedonia,Metalurg Skopje,134606,Skopje,Zelezarnica Stadium,3000,1000,42.00666,21.461211,North Macedonian First League,4363,4459,,,Metalurg Skopje.png
North Macedonia,Renova,134071,Tetovo,Gradski stadion Tetovo,15000,1200,42.018637,20.978168,North Macedonian First League,4363,4459,,,Not_Found.png
North Macedonia,Pelister,140061,Bitola,Fudbalski stadion Petar Milosevski,6100,7000,41.0314,21.3347,North Macedonian First League,4363,4459,,,pelister.png
North Macedonia,FK Rabotnicki,134609,Skopje,Philip II Arena,33460,1000,41.9973,21.428,North Macedonian First League,4363,4459,,,rabotnichki.png
North Macedonia,Shkendija,134024,Tetovo,Ecolog Arena,15000,1200,42.0089,20.9711,North Macedonian First League,4363,4459,,               ,shkëndija.png
North Macedonia,Shkupi,138072,Skopje,Stadion cair,6000,1000,42.015434,21.444504,North Macedonian First League,4363,4459,,,shkupi.png
North Macedonia,FK Sileks,138073,Kratovo,Gradski stadion Kratovo,1800,1360,42.081005,22.163972,North Macedonian First League,4363,4459,,,sileks.png
North Macedonia,Struga,138074,Struga,Stadion Gradska Plaza,500,6330,41.1778,20.6778,North Macedonian First League,4363,4459,,,struga.png
North Macedonia,FK Tikvesh,134611,Kavadarci,Gradski Stadion Kavadarci,4000,1430,41.4333,22.0117,North Macedonian First League,4363,4459,,,tikvesh.png
North Macedonia,Vardar,133979,Skopje,Tose Proeski Arena,33460,1000,42.005725,21.425557,North Macedonian First League,4363,4459,,,vardar.png
Northern Ireland,Ards,139271,Newtownards,Clandeboye Park,2000,BT23 4QT,54.5917,-5.6917,Northern Irish Premiership,4351,4442,,   ,ards.png
Northern Ireland,Ballyclare Comrades,139263,Ballyclare,Dixon Park,5333,BT39 9AY,54.7583,-5.9833,Northern Irish Premiership,4351,4442,,,Ballyclare Comrades.png
Northern Ireland,Ballymena United,138009,Ballymena,The Showgrounds Ballymena,4390,BT43 6BT,54.8633,-6.2797,Northern Irish Premiership,4351,4442,,,ballymena-united.png
Northern Ireland,Cliftonville,134063,Belfast,Solitude,8000,BT14 6LA,54.619505,-5.947285,Northern Irish Premiership,4351,4442,,,cliftonville.png
Northern Ireland,Coleraine,138006,Coleraine,The Showgrounds Coleraine,2496,BT52 1RL,55.1333,-6.6667,Northern Irish Premiership,4351,4442,,,coleraine.png
Northern Ireland,Crusaders,134078,Belfast,Seaview,3383,BT15 3PL,54.624107,-5.921867,Northern Irish Premiership,4351,4442,,,crusaders.png
Northern Ireland,Dungannon Swifts,135944,Dungannon,Stangmore Park,0,BT70 1JT,54.489412,-6.74611,Northern Irish Premiership,4351,4442,,,dungannon-swifts.png
Northern Ireland,Glentoran,134340,Belfast,The Oval Belfast,0,BT5 5FW,54.602954,-5.891295,Northern Irish Premiership,4351,4442,,,glentoran.png
Northern Ireland,Larne,138007,Larne,Inver Park,2500,BT40 1RU,54.8499,-5.827381,Northern Irish Premiership,4351,4442,,,larne.png
Northern Ireland,Linfield,133964,Belfast,Windsor Park Belfast,18614,BT9 5FW,54.582788,-5.943527,Northern Irish Premiership,4351,4442,,,linfield.png
Northern Ireland,Newry City,134376,Newry,The Showgrounds,7949,BT35 6QS,54.160891,-6.332126,Northern Irish Premiership,4351,4442,,,Newry City.jpg
Northern Ireland,Portadown,134025,Portadown,Shamrock Park,2770,BT62 3DP,54.413209,-6.457832,Northern Irish Premiership,4351,4442,,,portadown.png
Norway,Bodø/Glimt,135479,Bodø,Aspmyra Stadion,8270,8003,67.276648,14.384434,Norwegian Eliteserien,1358,,,,bodøglimt.png
Portugal,Arouca,134387,Arouca,Estadio Municipal de Arouca,5000,4540-320,40.932292,-8.250431,Portuguese Primeira Liga,4344,4433,Taca da Liga,4434,arouca.png
Portugal,AVS,147479,Vila das Aves,Estadio Clube Desportivo das Aves,8560,4795-015,41.366757,-8.411704,Portuguese Primeira Liga,4344,4433,Taca da Liga,4434,avs.png
Portugal,Benfica,134108,Lisbon,Estadio da Luz,65647,1500-313,38.752689,-9.18469,Portuguese Primeira Liga,4344,4433,Taca da Liga,4434,benfica.png
Portugal,Boavista,134588,Porto,Estadio do Bessa Seculo XXI,28263,MD-3100,41.162198,-8.642601,_No League Soccer,4344,4433,Taca da Liga,4434,Boavista.png
Portugal,Braga,134098,Braga,Estadio Municipal de Braga,30286,4710-243,41.5625,-8.429868,Portuguese Primeira Liga,4344,4433,Taca da Liga,4434,braga.png
Portugal,Casa Pia,138864,Lisbon,Estadio Municipal de Rio Maior,5000,2040-413,38.7223,-9.1393,Portuguese Primeira Liga,4344,4433,Taca da Liga,4434,casa_pia.png
Portugal,Famalicao,136854,Vila Nova de Famalicão,Estadio Municipal 22 de Junho,5307,4760-758,41.401253,-8.52244,Portuguese Primeira Liga,4344,4433,Taca da Liga,4434,famalicao.png
Portugal,Farense,138853,Faro,Estadio de São Luís,15000,8005-345,37.022885,-7.928272,Portuguese LigaPro,4662,4433,Taca da Liga,4434,Farense.png
Portugal,Porto,138861,Porto,Estadio do Dragão,50033,4350-415,41.1619,-8.5839,Portuguese Primeira Liga,4344,4433,Taca da Liga,4434,fc_porto.png
Portugal,Gil Vicente,134113,Barcelos,Estadio Cidade de Barcelos,12504,4755-086,41.551096,-8.623086,Portuguese Primeira Liga,4344,4433,Taca da Liga,4434,gil_vicente.png
Portugal,Moreirense,134112,Moreira de Cónegos,Estadio Comendador Joaquim de Almeida Freitas,9000,4815-074,41.378032,-8.354995,Portuguese Primeira Liga,4344,4433,Taca da Liga,4434,moreirense.png
Portugal,Rio Ave,134107,Vila do Conde,Estadio do Rio Ave FC,12815,4480-876,41.36275,-8.740146,Portuguese Primeira Liga,4344,4433,Taca da Liga,4434,rio_ave.png
Portugal,Santa Clara,136192,Ponta Delgada,Estadio de São Miguel,13277,9500-454,37.763992,-25.622812,Portuguese Primeira Liga,4344,4433,Taca da Liga,4434,santa_clare.png
Portugal,Sporting CP,135708,Lisbon,Estadio Jose Alvalade,50049,1600-464,38.761216,-9.160783,Portuguese Primeira Liga,4344,4433,Taca da Liga,4434,sporting_cp.png
Romania,Academica Clinceni,138196,Clinceni,Stadionul Clinceni,4500,77050,44.377783,25.940881,Liga I,4355,4451,,,Academica Clinceni.png
Romania,FC Botosani,134486,Botoșani,Stadionul Municipal Botosani,7782,710254,47.748168,26.652013,Liga I,4355,4451,,,botoșani.png
Romania,CFR Cluj,133955,Cluj-Napoca,Stadionul Dr Constantin Rcdulescu,23500,400000,46.7712,23.6236,Liga I,4355,4451,,,cfr-cluj.png
Romania,Chindia Targoviste,138195,Târgoviște,Stadionul Eugen Popescu,15073,130018,44.931536,25.462319,Liga I,4355,4451,,,chindia-târgoviște.png
Romania,FC Arges,134493,Pitești,Nicolae Dobrin Stadium,15000,110026,44.846651,24.866355,Liga I,4355,4451,,,FC Arges.png
Romania,FCSB,134005,Bucharest,Arena NaÈionalc,31254,21022,44.4268,26.1025,Liga I,4355,4451,,,fcsb.png
Romania,Hermannstadt,138193,Sibiu,Stadionul Municipal Sibiu,5000,550360,45.783313,24.143794,Liga I,4355,4451,,,hermannstadt.png
Romania,Politehnica Iasi,138194,Iași,Stadionul Emil Alexandrescu,11390,700259,47.184565,27.561198,Liga I,4355,4451,,,politehnica-iași.png
Romania,Sepsi OSK,138192,Sfântu Gheorghe,Arena Sepsi OSK,5200,520008,45.883343,25.807028,Liga I,4355,4451,,,sepsi-osk.png
Romania,Universitatea Craiova,138188,Craiova,Stadionul Ion Oblemenco,30983,200585,44.31403,23.784261,Liga I,4355,4451,,,universitatea-craiova.png
Romania,UTA Arad,138924,Arad,Stadionul Francisc Neuman,4000,310131,46.192554,21.311995,Liga I,4355,4451,,,uta-arad.png
Romania,FC Voluntari,134487,Voluntari,Anghel Iordanescu Stadium,4600,77190,44.499973,26.144294,Liga I,4355,4451,,,voluntari.png
Scotland,Aberdeen,133638,Aberdeen,Pittodrie Stadium,20961,AB24 1QH,57.159277,-2.088629,Scottish Premier League,4330,4429,Scottish League Cup,4428,aberdeen.png
Scotland,Airdrieonians,137821,Airdrie,Excelsior Stadium,10101,ML6 8QZ,55.860267,-3.960113,Scottish Championship,4395,4429,,,airdrieonians.png
Scotland,Alloa Athletic,134314,Alloa,Recreation Park,3100,FK10 1RY,56.116739,-3.778611,Scottish League One,4669,4429,,,Alloa Athletic.svg
Scotland,Arbroath,134251,Arbroath,Gayfield Park,4125,DD11 1QB,56.552336,-2.59148,Scottish League One,4669,4429,,,arbroath.png
Scotland,Ayr United,134135,Ayr,Somerset Park,10185,KA8 9NB,55.469746,-4.619976,Scottish Championship,4395,4429,,,ayr-united.png
Scotland,Bonnyrigg Rose,142328,Bonnyrigg,New Dundas Park,3000,EH19 3HF,55.874681,-3.103297,Scottish League Two,4670,4429,,,Bonnyrigg Rose.svg
Scotland,Celtic,133647,Glasgow,Celtic Park,60447,G40 3RE,55.850181,-4.206823,Scottish Premier League,4330,4429,Scottish League Cup,4428,celtic.png
Scotland,Dundee,133942,Dundee,Dens Park,11506,DD3 7JW,56.474606,-2.97363,Scottish Premier League,4330,4429,Scottish League Cup,4428,dundee.png
Scotland,Dundee United,133644,Dundee,Tannadice Park,14223,DD3 7JW,56.47458,-2.969046,Scottish Premier League,4330,4429,Scottish League Cup,4428,dundee-united.png
Scotland,Dunfermline Athletic,134318,Dunfermline,East End Park,11480,KY12 7RB,56.075646,-3.441992,Scottish Championship,4395,4429,,,Not_Found.png
Scotland,Annan Athletic,138099,Annan,Galabank,2504,DG12 5DQ,54.994642,-3.261417,Scottish League Two,4670,4429,,,dunfermline-athletic.png
Scotland,Forfar Athletic,134299,Forfar,Station Park,4601,DD8 3BT,56.652306,-2.884962,Scottish League Two,4670,4429,,,Not_Found.png
Scotland,Elgin City,134302,Elgin,Borough Briggs,3927,IV30 1AP,57.651791,-3.320829,Scottish League Two,4670,4429,,,Elgin City.svg
Scotland,Falkirk,133838,Falkirk,Falkirk Community Stadium,8750,FK1 5RY,56.005451,-3.752958,Scottish Premier League,4330,4429,Scottish League Cup,4428,falkirk.png
Scotland,Greenock Morton,134132,Greenock,Cappielow Park,11589,PA15 2TY,55.941229,-4.727031,Scottish Championship,4395,4429,,,greenock-morton.png
Scotland,Hamilton Academical,133708,Hamilton,New Douglas Park,6018,ML3 0FT,55.782166,-4.057878,Scottish League One,4669,4429,,,Hamilton Academical.svg
Scotland,Hearts,133643,Edinburgh,Tynecastle Park,20099,EH11 2NL,55.93902,-3.232271,Scottish Premier League,4330,4429,Scottish League Cup,4428,Hearts.png
Scotland,Hibernian,133646,Edinburgh,Easter Road,20421,EH7 5QG,55.961686,-3.165168,Scottish Premier League,4330,4429,Scottish League Cup,4428,hibernian.png
Scotland,Inverness Caledonian Thistle,133641,Inverness,Caledonian Stadium,7711,IV1 1FF,57.494713,-4.216973,Scottish League One,4669,4429,,,Inverness Caledonian Thistle.svg
Scotland,Kelty Hearts,140311,Kelty,New Central Park,1800,KY4 0BX,56.136159,-3.379257,Scottish League One,4669,4429,,,Kelty Hearts.svg
Scotland,Kilmarnock,133645,Kilmarnock,Rugby Park,18128,KA1 2DP,55.604097,-4.509366,Scottish Premier League,4330,4429,Scottish League Cup,4428,kilmarnock.png
Scotland,Livingston,134133,Livingston,Almondvale Stadium,9521,EH54 7DN,55.885962,-3.522018,Scottish Premier League,4330,4429,Scottish League Cup,4428,livingston.png
Scotland,Motherwell,133640,Motherwell,Fir Park,13677,ML1 2QN,55.780423,-3.980263,Scottish Premier League,4330,4429,Scottish League Cup,4428,motherwell.png
Scotland,Montrose,134308,Montrose,Links Park,4936,DD10 8QD,56.713705,-2.459112,Scottish League One,4669,4429,,,Not_Found.png
Scotland,National Stadium,138105,Glasgow,Hampden Park,51866,G42 9BA,55.82598,-4.25198,Scottish League Cup,4395,4429,,4428,
Scotland,Queen of the South,134310,Dumfries,Palmerston Park,6412,DG2 9BA,55.070397,-3.624616,Scottish League One,4669,4429,,,Not_Found.png
Scotland,Clyde,134317,Hamilton,New Douglas Park,6018,ML3 0FT,55.782166,-4.057878,Scottish League Two,4670,4429,,,Not_Found.png
Scotland,East Fife,134446,Leven,Bayview Stadium,2000,KY8 4LA,56.188873,-2.999178,Scottish League Two,4670,4429,,,Not_Found.png
Scotland,Edinburgh City,138101,Edinburgh,Ainslie Park,3000,EH6 4NF,55.971498,-3.23161,Scottish League Two,4670,4429,,,Not_Found.png
Scotland,The Spartans,142339,Edinburgh,Ainslie Park,3000,EH6 4NF,55.971498,-3.23161,Scottish League Two,4670,4429,,,Not_Found.png
Scotland,Partick Thistle,134134,Glasgow,Firhill Stadium,10102,G20 0SP,55.88156,-4.269409,Scottish Championship,4395,4429,,,partick-thistle.png
Scotland,Peterhead,134309,Peterhead,Balmoor Stadium,4000,AB42 1EU,57.511075,-1.795837,Scottish League Two,4670,4429,,,Peterhead.jpg
Scotland,Queen's Park,138105,Glasgow,Lesser Hampden,990,G42 9BA,55.825653,-4.255457,Scottish Championship,4395,4429,,,queens-park.png
Scotland,Raith Rovers,134793,Kirkcaldy,Stark's Park,8867,KY1 1UB,56.099775,-3.168428,Scottish Championship,4395,4429,,,raith-rovers.png
Scotland,Rangers,133642,Glasgow,Ibrox Stadium,50987,G51 2XD,55.853221,-4.309324,Scottish Premier League,4330,4429,Scottish League Cup,4428,rangers.png
Scotland,Cove Rangers,138100,Aberdeen,Balmoral Stadium,2602,AB12 3AT,57.112566,-2.096828,Scottish League One,4669,4429,,,Not_Found.png
Scotland,Stranraer,134220,Stranraer,Stair Park,6500,DG9 8BS,54.902201,-5.012485,Scottish League Two,4670,4429,,,Not_Found.png
Scotland,Ross County,133940,Dingwall,Global Energy Stadium,6541,11000,57.595758,-4.419075,Scottish Championship,4395,4429,,,ross-county.png
Scotland,Stenhousemuir,134467,Stenhousemuir,Ochilview Park,3746,FK5 4QL,56.028333,-3.814722,Scottish League Two,4670,4429,,,Stenhousemuir.jpg
Scotland,Stirling Albion,134297,Stirling,Forthbank Stadium,3808,FK7 7UJ,56.119073,-3.912023,Scottish League Two,4670,4429,,,Stirling Albion.svg
Scotland,St Johnstone,133639,Perth,McDiarmid Park,10696,PH1 3DJ,56.409871,-3.476894,Scottish Championship,4395,4429,,,st-johnstone.png
Scotland,St Mirren,133649,Paisley,St Mirren Park Paisley,8023,PA3 2EJ,55.850534,-4.444205,Scottish Premier League,4330,4429,Scottish League Cup,4428,st-mirren.png
Serbia,Metalac Gornji Milanovac,134558,Gornji Milanovac,Metalac Stadium,4000,32300,44.026417,20.466615,Serbian SuperLiga,4671,4456,,,Metalac Gornji Milanovac.png
Serbia,TSC Backa Topola,137856,Bačka Topola,TSC Arena,4500,24300,45.815579,19.627424,Serbian SuperLiga,4671,4456,,,Not_Found.png
Serbia,cukaricki,134617,Belgrade,Stadion FK cukaricki,4070,10,44.7866,20.4489,Serbian SuperLiga,4671,4456,,,Not_Found.png
Serbia,Mladost Lucani,137860,Lučani,SRC Mr Rados Milovanovic,8000,32240,43.8667,20.1333,Serbian SuperLiga,4671,4456,,,Not_Found.png
Serbia,Radnicki Nis,137858,Niš,Stadion cair Nis,18151,18000,43.315416,21.908904,Serbian SuperLiga,4671,4456,,,Not_Found.png
Serbia,Radnicki 1923,141776,Kragujevac,Stadion cika Daca,15100,34000,44.020788,20.899523,Serbian SuperLiga,4671,4456,,,Not_Found.png
Serbia,Spartak Subotica,137859,Subotica,Gradski stadion Subotica,13000,24000,46.082055,19.676578,Serbian SuperLiga,4671,4456,,,Not_Found.png
Serbia,Incija,137865,Inđija,Gradski Stadion Indjija,4000,22320,45.05,20.0833,Serbian SuperLiga,4671,4456,,,Not_Found.png
Serbia,Macva n abac,137867,Šabac,Gradski stadion n abac,8000,15000,44.75,19.6833,Serbian SuperLiga,4671,4456,,,Not_Found.png
Serbia,Novi Pazar,140069,Novi Pazar,Gradski stadion Novi Pazar,12000,36300,43.1364,20.5122,Serbian SuperLiga,4671,4456,,     ,Novi Pazar.jpg
Serbia,Partizan Belgrade,133960,Belgrade,Stadion Partizana,32710,11000,44.788758,20.459092,Serbian SuperLiga,4671,4456,,,Partizan Belgrade.png
Serbia,Proleter Novi Sad,137862,Novi Sad,Stadion Karacorce,14458,21000,45.2671,19.8335,Serbian SuperLiga,4671,4456,,,Proleter Novi Sad.png
Serbia,Radnik Surdulica,137864,Surdulica,EFBET Stadion Surdulica,3312,17530,42.6833,22.1667,Serbian SuperLiga,4671,4456,,,Radnik Surdulica.svg
Serbia,Red Star Belgrade,133940,Belgrade,Rajko Mitic Stadium,53000,11000,44.78322,20.464675,Serbian SuperLiga,4671,4456,,,Red Star Belgrade.png
Serbia,Vojvodina,134022,Novi Sad,Stadion Karacorce,15000,21000,45.2671,19.8335,Serbian SuperLiga,4671,4456,,,Vojvodina.png
Slovakia,FC DAC 1904 Dunajska Streda,134500,Dunajská Streda,MOL Arena,12700,929 01,47.999543,17.618918,Slovak Super Liga,4672,4452,,,FC DAC 1904 Dunajska Streda.png
Slovakia,Slovan Bratislava,134090,Bratislava,Tehelne pole,22500,811 02,48.161512,17.132156,Slovak Super Liga,4672,4452,,,Not_Found.png
Slovakia,ViOn Zlate Moravce,137873,Zlaté Moravce,ViOn Arena,3787,953 01,48.3833,18.4,Slovak Super Liga,4672,4452,,,Not_Found.png
Slovakia,FK Ruzomberok,134501,Ružomberok,Stadion MFK Ruzomberok,4876,034 01,49.082338,19.283868,Slovak Super Liga,4672,4452,,,Not_Found.png
Slovakia,FK Zemplin Michalovce,134505,Michalovce,Stadion Michalovce,4440,071 01,48.763117,21.909589,Slovak Super Liga,4672,4452,,,Not_Found.png
Slovakia,Podbrezova,134497,Podbrezová,Zeleziarni Stadium,3000,976 81,48.8167,19.55,Slovak Super Liga,4672,4452,,,Podbrezova.jpg
Slovakia,Pohronie,137870,Žiar nad Hronom,Mcstsky Stadion,2309,965 01,48.5833,18.85,Slovak Super Liga,4672,4452,,,Pohronie.svg
Slovakia,Senica,134496,Senica,Mestsky Stadion Senica,4500,905 01,48.6794,17.3661,Slovak Super Liga,4672,4452,,,Senica.jpg
Slovakia,Spartak Trnava,134004,Trnava,Anton Malatinsky Stadium,19200,917 01,48.3774,17.588,Slovak Super Liga,4672,4452,,,Spartak Trnava.svg
Slovakia,Trencin,134353,Trenčín,n tadion na Sihoti,3500,911 01,48.8946,18.0444,Slovak Super Liga,4672,4452,,,Trencin.jpg
Slovakia,Zilina,133921,Žilina,Stadion Pod Dubnom,11181,010 01,49.229158,18.745519,Slovak Super Liga,4672,4452,, ,Zilina.jpg
Slovenia,Celje,134318,Celje,Stadion Z'dezele,13059,3000,46.246529,15.270008,Slovenian PrvaLiga,4692,4453,,,Celje.jpg
Slovenia,Domzale,134321,Domžale,n portni park Domzale,3100,1230,46.1378,14.5956,Slovenian PrvaLiga,4692,4453,,,Domzale.jpg
Slovenia,NK Bravo,134519,Ljubljana,Sportni Park Siska,1000,1000,46.063541,14.482971,Slovenian PrvaLiga,4692,4453,,,Not_Found.png
Slovenia,NK Aluminij,134520,Kidričevo,Sportni Park Aluminij,1500,2325,46.4039,15.7906,Slovenian PrvaLiga,4692,4453,,,NK Aluminij.png
Slovenia,NK Radomlje,134521,Radomlje,Sportni Park Radomlje,1000,1235,46.1833,14.6333,Slovenian PrvaLiga,4692,4453,,,Not_Found.png
Slovenia,NK Maribor,134525,Maribor,Stadion Ljudski vrt,12702,2000,46.562747,15.640643,Slovenian PrvaLiga,4692,4453,,,Not_Found.png
Slovenia,NK Tabor Sezana,134527,Sežana,Stadion Rajko Stolfa,1000,6210,45.7083,13.8667,Slovenian PrvaLiga,4692,4453,,,Not_Found.png
Slovenia,Olimpija Ljubljana,134033,Ljubljana,Stadion Stozice,16038,1000,46.080496,14.524924,Slovenian PrvaLiga,4692,4453,,,Not_Found.png
Slovenia,Mura,138214,Murska Sobota,Mestni stadion Fazanerija,3782,9000,46.6611,16.1664,Slovenian PrvaLiga,4692,4453,,,Not_Found.png
Slovenia,Tabor Sezana,138216,Sežana,Rajko n tolfa Stadium,1200,6210,45.7083,13.8667,Slovenian PrvaLiga,4692,4453,,,Not_Found.png
Slovenia,Rudar Velenje,138218,Velenje,Ob Jezeru Stadium,2341,3320,46.3594,15.1111,Slovenian PrvaLiga,4692,4453,,,Rudar Velenje.svg
Spain,Athletic Bilbao,133727,Bilbao,San Mames Barria,53289,48013,43.264204,-2.949391,Spanish La Liga,4335,4427,,,athletic-bilbao.png
Spain,Atletico Madrid,133729,Madrid,Civitas Metropolitano,70460,28022,40.4362,-3.5995,Spanish La Liga,4335,4427,,,atlético-madrid.png
Spain,Barcelona,133739,Barcelona,Spotify Camp Nou,99354,8028,41.380881,2.122818,Spanish La Liga,4335,4427,,,barcelona.png
Spain,Celta Vigo,133937,Vigo,Estadio Abanca-Balaidos,29000,36203,42.211781,-8.739715,Spanish La Liga,4335,4427,,,celta-vigo.png
Spain,Espanyol,133734,Barcelona,RCDE Stadium,40500,8940,41.347857,2.076458,Spanish La Liga,4335,4427,,,espanyol.png
Spain,Getafe,133731,Getafe,Estadio Coliseum,17393,28903,40.325725,-3.714933,Spanish La Liga,4335,4427,,,getafe.png
Spain,Girona,134700,Girona,Estadi Municipal de Montilivi,14450,17003,41.96123,2.828996,Spanish La Liga,4335,4427,,,girona.png
Spain,Las Palmas,134259,Las Palmas,Estadio de Gran Canaria,32400,35019,28.100234,-15.456725,Spanish La Liga 2,4400,4427,,,Las Palmas.jpg
Spain,Leganes,134701,Leganés,Estadio Municipal de Butarque,8138,28914,40.340562,-3.760643,Spanish La Liga 2,4400,4427,,,leganés.png
Spain,Mallorca,133733,Palma,Estadi Mallorca Son Moix,23142,7011,39.589935,2.630116,Spanish La Liga,4335,4427,,,mallorca.png
Spain,Osasuna,133730,Pamplona,Estadio El Sadar,18761,31006,42.796662,-1.637131,Spanish La Liga,4335,4427,,,osasuna.png
Spain,Rayo Vallecano,133728,Madrid,Estadio de Vallecas,14708,28018,40.391757,-3.658737,Spanish La Liga,4335,4427,,,rayo-vallecano.png
Spain,Real Betis,133722,Seville,Estadio de La Cartuja,60720,41092,37.417235,-6.004613,Spanish La Liga,4335,4427,,,real-betis.png
Spain,Real Madrid,133738,Madrid,Estadio Santiago Bernabeu,81000,28036,40.452178,-3.687657,Spanish La Liga,4335,4427,,,real-madrid.png
Spain,Real Sociedad,133724,San Sebastián,Reale Arena,39500,20014,43.30139,-1.973569,Spanish La Liga,4335,4427,,,real-sociedad.png
Spain,Sevilla,133735,Seville,Estadio Ramon Sanchez Pizjuan,42500,41005,37.384088,-5.970631,Spanish La Liga,4335,4427,,,sevilla.png
Spain,Valencia,133725,Valencia,Estadio de Mestalla,55000,46010,39.4699,-0.3763,Spanish La Liga,4335,4427,,,valencia.png
Spain,Villarreal,133740,Villarreal,Estadio de la Ceramica,24890,12540,39.9442,-0.1036,Spanish La Liga,4335,4427,,,villarreal.png
Sweden, AIK,134011,Stockholm,Strawberry Arena,50622,169 79,59.372504,18.001667,Swedish Allsvenskan,4343,4436,,,aik.png
Sweden, Degerfors IF,134273,Degerfors,Stora Valla,12500,693 32,59.239816,14.439504,Swedish Allsvenskan,4343,4436, ,,degerfors.png
Sweden, Djurgo¥rdens IF,135139,Stockholm,Hovet,8094,121 77,59.294884,18.081883,Swedish Allsvenskan,4343,4436,,,djurgaarden.png
Sweden,Elfsborg,133984,Boro¥s,Boro¥s Arena,16899,50631,57.7208,12.9378,Swedish Allsvenskan,4343,4436,, ,elfsborg.png
Sweden, BK Hacken,133834,Gothenburg,Bravida Arena,6500,424 38,57.719181,11.931793,Swedish Allsvenskan,4343,4436,,,hacken.png
Sweden, Halmstads BK,133835,Halmstad,Orjans Vall,15500,302 50,56.684904,12.867997,Swedish Allsvenskan,4343,4436,,,halmstad.png
Sweden, Hammarby IF,133830,Stockholm,Tele2 Arena,30000,121 77,59.291033,18.084543,Swedish Allsvenskan,4343,4436,,,hammarby.png
Sweden, IFK Goteborg,133832,Gothenburg,Gamla Ullevi,18416,413 02,57.706261,11.980123,Swedish Allsvenskan,4343,4436,,,ifk-gothenburg.png
Sweden, Kalmar FF,134002,Kalmar,Guldfo¥geln Arena,12000,392 36,56.6634,16.3567,Swedish Allsvenskan,4343,4436,,,kalmar-ff.png
Sweden, Malmo FF,134166,Malmö,Eleda Stadion,22500,217 62,55.583734,12.987735,Swedish Allsvenskan,4343,4436,,,malmo-ff.png
Sweden, Mjallby AIF,134274,Hällevik,Strandvallen,6500,375 93,56.01218,14.717173,Swedish Allsvenskan,4343,4436, , ,mjallby.png
Sweden, IFK Norrkoping,133833,Norrköping,Ostgotaporten,17234,602 38,58.5877,16.1924,Swedish Allsvenskan,4343,4436,,,norrkoping.png
Sweden, orebro SK,133837,Örebro,Behrn Arena,14500,702 28,59.266283,15.223386,Swedish Allsvenskan,4343,4436, ,,oerebro.png
Sweden, ostersunds FK,134276,Östersund,Jamtkraft Arena,8600,831 34,63.194919,14.656041,Swedish Allsvenskan,4343,4436, , ,ostersund.png
Sweden, IK Sirius,134275,Uppsala,Studenternas IP,6000,752 37,59.848657,17.646331,Swedish Allsvenskan,4343,4436, , ,sirius.png
Sweden, Varbergs BoIS FC,134730,Varberg,Paavallen,4500,432 42,57.1057,12.2504,Swedish Allsvenskan,4343,4436, ,,varbergs-bois-fc.png
Switzerland,Young Boys,134001,Bern,Wankdorf Stadium,32000,3014,46.9633,7.4647,Super League,4343,,, ,young-boys.png
The Netherlands,Ajax,133772,Amsterdam,Johan Cruijff ArenA,54990,1101 AX,52.314353,4.942843,Dutch Eredivisie,4337,4435,, ,Ajax.png
The Netherlands,Almere City,137996,Almere,Yanmar Stadion,3200,1316 JX,52.39441,5.240473,Dutch Eerste Divisie,4227,4435,,,Almere City.png
The Netherlands,AZ Alkmaar,133767,Alkmaar,AFAS Stadion Alkmaar,17023,1812 RN,52.612827,4.742062,Dutch Eredivisie,4337,4435,, ,AZ Alkmaar.png
The Netherlands,Feyenoord,133758,Rotterdam,Stadion Feyenoord,51117,3077 AL,51.895512,4.525468,Dutch Eredivisie,4337,4435,,,Feyenoord.png
The Netherlands,Fortuna Sittard,134264,Sittard,Fortuna Sittard Stadion,12500,6131 EN,50.992304,5.843338,Dutch Eredivisie,4337,4435,,,Fortuna Sittard.png
The Netherlands,Go Ahead Eagles,134304,Deventer,De Adelaarshorst,10400,7413 BZ,52.260396,6.172712,Dutch Eredivisie,4337,4435,,,Go Ahead Eagles.png
The Netherlands,Groningen,133762,Groningen,Euroborg,22579,9728 KA,53.206204,6.591465,Dutch Eredivisie,4337,4435,,,Groningen.jpg
The Netherlands,Heerenveen,133759,Heerenveen,Abe Lenstra Stadion,27224,8448 DA,52.958673,5.936167,Dutch Eredivisie,4337,4435,,,Heerenveen.jpg
The Netherlands,NAC Breda,133773,Breda,Rat Verlegh Stadion,19000,4818 CL,51.594776,4.75033,Dutch Eredivisie,4337,4435,,,NAC Breda.png
The Netherlands,NEC Nijmegen,133760,Nijmegen,Goffertstadion,12500,6532 VZ,51.822485,5.837156,Dutch Eredivisie,4337,4435,,,NEC Nijmegen.png
The Netherlands,Willem II,133827,Tilburg,Koning Willem II Stadion,14637,5017 PA,51.542692,5.066807,Dutch Eerste Divisie,4227,4435,,,Not_Found.png
The Netherlands,PEC Zwolle,133936,Zwolle,MAC³PARK Stadion,14000,8011 XZ,52.5168,6.083,Dutch Eredivisie,4337,4435,,,PEC Zwolle.svg
The Netherlands,PSV Eindhoven,133768,Eindhoven,Philips Stadion,36500,5616 PP,51.441708,5.467426,Dutch Eredivisie,4337,4435,,,PSV Eindhoven.svg
The Netherlands,RKC Waalwijk,133765,Waalwijk,Mandemakers Stadion,7500,5141 EB,51.686587,5.088833,Dutch Eerste Divisie,4227,4435,,,RKC Waalwijk.svg
The Netherlands,Sparta Rotterdam,133866,Rotterdam,Spartastadion,11926,3027 AP,51.9194,4.4336,Dutch Eredivisie,4337,4435,,,Sparta Rotterdam.svg
The Netherlands,Twente,133774,Enschede,De Grolsch Veste,30205,7547,52.236443,6.83776,Dutch Eredivisie,4337,,, ,Twente.png
Turkey,Adana Demirspor,138982,Adana,Yeni Adana Stadium,33543,1120,37.063488,35.375049,Turkish Super Lig,4345,4440,,,Adana Demirspor.png
Turkey,Alanyaspor,135676,Alanya,Gain Park Stadyumu,0,7400,36.5444,31.9956,Turkish Super Lig,4345,4440,,,Alanyaspor.svg
Turkey,Antalyaspor,133799,Antalya,Corendon Airlines Park,41703,7070,36.888059,30.668532,Turkish Super Lig,4345,4440,,,Antalyaspor.svg
Turkey,Galatasaray,133804,Istanbul,Rams Park,52652,34396,41.103369,28.990952,Turkish Super Lig,4345,4440,,,Galatasaray.svg
Turkey,Gaziantep FK,134698,Gaziantep,Kalyon Stadium,35574,27470,37.124377,37.382292,Turkish Super Lig,4345,4440,,,Gaziantep FK.svg
Turkey,Hatayspor,138944,Hatay,Mersin Stadium,5269,31200,36.4018,36.3498,Turkish Super Lig,4345,4440,,,Hatayspor.png
Turkey,Kayserispor,133802,Kayseri,RHG Enerturk Enerji Stadyumu,32864,38010,38.73723,35.422469,Turkish Super Lig,4345,4440,,,Kayserispor.svg
Turkey,Konyaspor,133835,Konya,Konya Buyuknehir Belediye Stadyumu,42276,302 50,37.8667,32.4833,Turkish Super Lig,4345,4440,,,Konyaspor.svg
Turkey,Malatyaspor,134696,Malatya,Malatya Arena,27044,44100,38.337374,38.44607,Turkish Super Lig,4345,4440,,,Malatyaspor.png
Turkey,Fenerbahce,133807,Istanbul,Ülker Stadium,50530,34742,40.992887,29.10483,Turkish Super Lig,4345,4440,,,Not_Found.png
Turkey,Beniktan,133794,Istanbul,Vodafone Park,41903,34347,41.0392,28.9947,Turkish Super Lig,4345,4440,,,Not_Found.png
Turkey,c°stanbul Banaknehir,134589,Istanbul,Banaknehir Fatih Terim Stadyumu,17800,34480,41.1228,28.8086,Turkish Super Lig,4345,4440,,,Not_Found.png
Turkey,oaykur Rizespor,134699,Rize,Caykur Didi Stadium,15332,53020,41.042021,40.572573,Turkish Super Lig,4345,4440,,,Not_Found.png
Turkey,Sivasspor,133806,Sivas,Yeni Sivas 4 Eylul Stadium,14998,58040,39.7477,37.0179,Turkish Super Lig,4345,4440,,,Sivasspor.svg
Turkey,Trabzonspor,133796,Trabzon,Papara Park,40782,61080,40.998686,39.64539,Turkish Super Lig,4345,4440,,,Trabzonspor.svg
Ukraine,Shakhtar Donetsk,134126,Lviv,Arena Lviv,34915,79000,49.774605,24.026844,Premier League,4354,,,,shakhtar-donetsk.png
Wales,Cardiff City,133637,Cardiff,Cardiff City Stadium,33280,CF11 8AZ,51.4726,-3.203,English League Championship,4329,,,,Cardiff City.svg
Wales,Swansea City,133614,Swansea,Swansea.com Stadium,21088,SA1 2FA,51.6426,-3.9343,English League Championship,4329,,,,Swansea City.svg
